卡利班,武器,1,武器
战场热情,武器,1,武器
太极天帝剑,武器,1,武器
前卫主义者,武器,1,武器
图月者,武器,1,武器
骚动的火焰,武器,1,武器
卡西姆大剑,武器,1,武器
神之意向,武器,1,武器
星之海,武器,1,武器
赤光剑,武器,1,武器
白虎咆哮,武器,1,武器
清明的意志,武器,1,武器
太阴龟,武器,1,武器
毁灭压迫,武器,1,武器
疯狂飓风,武器,1,武器
痛苦制杖,武器,1,武器
烈焰猎人,武器,1,武器
电子喷射器,武器,1,武器
清沙棍,武器,1,武器
战斗风筝,武器,1,武器
生死轮盘,武器,1,武器
血枪盒,武器,1,武器
追寻海石竹,武器,1,武器
超能冲击发生器,武器,1,武器
湍流,武器,1,武器
散打-x,武器,1,武器
旋转电荷,武器,1,武器
强化增长,武器,1,武器
定制激光弓,武器,1,武器
吟游诗人的曼陀罗,武器,1,武器
歼灭矛,武器,1,武器
不灭之魂,武器,1,武器
木质吉他,武器,1,武器
混沌种子,武器,1,武器
火焰地狱,武器,1,武器
魔力之泉,武器,1,武器
世界树根,武器,1,武器
月光祝福,武器,1,武器
世界树精灵,武器,1,武器
纯白祈祷,武器,1,武器
为了圣者,武器,1,武器
闪耀光荣,武器,1,武器
轮回之环,武器,1,武器
古代神兽的记忆,武器,1,武器
最后暗战,武器,1,武器
开荒者之路,武器,1,武器
丧失理智,武器,1,武器
异教徒教主的审判,武器,1,武器
弗卡努斯的第二个痕迹,武器,1,武器
信念的重量,武器,1,武器
锐利阴影,武器,1,武器
暗杀团长的玉妆刀,武器,1,武器
华丽的障眼法,武器,1,武器
血色舞会,武器,1,武器
绿色生命的异面,武器,1,武器
圣洁的精灵遗物,武器,1,武器
血腥的红宝石眼,武器,1,武器
道火扇,武器,1,武器
无限幻影,武器,1,武器
战场的先锋队长,武器,1,武器
痛苦的守门将,武器,1,武器
砂岩铸极,武器,1,武器
电光分子,武器,1,武器
天将军,武器,1,武器
寂静毒液,武器,1,武器
机械钻机,武器,1,武器
金刚迷藏刀,武器,1,武器
夜天刀,武器,1,武器
冰洁的火焰,武器,1,武器
冥焰黑暗之触,武器,1,武器
原子档案,武器,1,武器
红焰爆剑,武器,1,武器
古老战甲,武器,1,武器
超级核心,武器,1,武器
大祭司的星祈长袍,大祭司,5,上衣
魔法师的长袍,魔法师,5,上衣
优雅旋律华尔兹,天堂舞姬,5,上衣
堕落深渊黑魔法衬衫,大幽魂,9,上衣
引路者的黄昏披风,冷却混搭,9,上衣
死亡阴影夹克,死亡阴影,5,上衣
CEO夹克,CEO,5,上衣
老兵胸甲,老兵,5,上衣
地狱边缘,骰子,9,上衣
燃烧烈焰之勇气,贫瘠沙漠,5,上衣
火龙果,水果,5,上衣
气吞山河战甲,擎天,5,上衣
泣血之恨,异常套,9,上衣
撒旦沸腾愤怒,改恶,5,上衣
妖精之姿,铁匠,5,上衣
千链锁灵战甲,荆棘套,5,上衣
奔流不息之岁月,不息之路,5,上衣
人性的抉择,歧路,5,上衣
宽恕坚韧之地,大自然,5,上衣
大祭司的披肩,大祭司,5,头肩
魔法师的披风,魔法师,5,头肩
性感洒脱探戈,天堂舞姬,5,头肩
死亡阴影护肩,死亡阴影,5,头肩
CEO肩甲,CEO,5,头肩
老兵肩甲,老兵,5,头肩
艰难求生之斗志,贫瘠沙漠,5,头肩
榴莲,水果,5,头肩
排山倒海护肩,擎天,5,头肩
毁灭之种,改恶,5,头肩
魔龙之心,铁匠,5,头肩
千链锁灵肩甲,荆棘套,5,头肩
奔流不息之山川,不息之路,5,头肩
矛盾的抉择,歧路,5,头肩
猛烈燃烧之炎,大自然,5,头肩
大祭司的长裙,大祭司,5,下装
魔法师的护腿,魔法师,5,下装
律动伦巴,天堂舞姬,5,下装
驱散黑暗短裤,大幽魂,5,下装
时空漩涡护腿,冷却混搭,9,下装
死亡阴影短裤,死亡阴影,5,下装
CEO短裤,CEO,5,下装
破釜沉舟护腿,老兵,5,下装
灵魂的呐喊,骰子,9,下装
肆虐狂风之意志,贫瘠沙漠,5,下装
荔枝,水果,5,下装
雷霆万钧护腿,擎天,5,下装
疯狂如影随形,异常套,9,下装
谎言之力,改恶,5,下装
邪恶之角,铁匠,5,下装
千链锁灵护腿,荆棘套,5,下装
奔流不息之伽蓝,不息之路,5,下装
命运的抉择,歧路,5,下装
蚕食新绿之息,大自然,5,下装
大祭司的凉鞋,大祭司,5,鞋
魔法师的长靴,魔法师,5,鞋
激烈欢动踢踏,天堂舞姬,5,鞋
堕入地狱之脚,大幽魂,5,鞋
次元漫步者长靴,冷却混搭,9,鞋
死亡阴影长靴,死亡阴影,5,鞋
CEO长靴,CEO,5,鞋
赤地潜力战靴,老兵,5,鞋
悲喜交加,骰子,9,鞋
寂静寒夜,贫瘠沙漠,5,鞋
木瓜,水果,5,鞋
遮天蔽日长靴,擎天,5,鞋
崩溃世界的忧伤,异常套,9,鞋
巴尔堕落,改恶,5,鞋
自然之核,铁匠,5,鞋
千链锁灵战靴,荆棘套,5,鞋
奔流不息之银河,不息之路,5,鞋
守护的抉择,歧路,5,鞋
交织烈日之风,大自然,5,鞋
大祭司的腰带,大祭司,5,腰带
魔法师的腰带,魔法师,5,腰带
热情舞动桑巴,天堂舞姬,5,腰带
死亡阴影腰带,死亡阴影,5,腰带
CEO腰带,CEO,5,腰带
浴血奋战腰带,老兵,5,腰带
守护战士之苦难,贫瘠沙漠,5,腰带
山竹,水果,5,腰带
风起云涌腰带,擎天,5,腰带
绝望地狱,改恶,5,腰带
碎钢之牙,铁匠,5,腰带
千链锁灵腰带,荆棘套,5,腰带
奔流不息之狂风,不息之路,5,腰带
正义的抉择,歧路,5,腰带
宁静苍翠之水,大自然,5,腰带
肯纳兹,上古,3,项链
驱散月光之黎明,大恍惚,3,项链
四叶草之初心,幸运777,3,项链
冷艳之冰,精灵使,3,项链
堕落世界之生命,大幽魂,9,项链
引路者的四季项链,冷却混搭,9,项链
悲痛者项链,骰子,9,项链
激狂之怒,异常套,9,项链
完美的均衡,上古,3,戒指
寂静无言之露珠,大恍惚,3,戒指
红兔之祝福,幸运777,3,戒指
祝福之风,精灵使,3,戒指
支配黑暗之环,大幽魂,9,戒指
次元穿越者之印,冷却混搭,9,戒指
命运的捉弄,骰子,9,戒指
蓬勃生命的落幕,异常套,9,戒指
变换的规律,上古,3,手镯
拥抱晨曦之温暖,大恍惚,3,手镯
白象之庇护,幸运777,3,手镯
火魔之炎,精灵使,3,手镯
执著的探求,大幽魂,9,手镯
时间指引之针,冷却混搭,9,手镯
支配战场的呐喊,骰子,9,手镯
狂乱之坚如磐石,异常套,9,手镯
军神的遗书,军神,3,左槽
高贵之天,灵宝,3,左槽
末日之刻,时间战争,3,左槽
能量回流,能量主宰,3,左槽
暗黑术士,大幽魂,9,左槽
引路者的旅行书,冷却混搭,9,左槽
悲情者的遗物,骰子,9,左槽
失控之怒,异常套,9,左槽
军神的庇护宝石,军神,3,右槽
智慧之地,灵宝,3,右槽
时之漩涡,时间战争,3,右槽
电光能量,能量主宰,3,右槽
暗黑术士的精髓,大幽魂,9,右槽
被困的时之沙,冷却混搭,9,右槽
寂寞的呼喊,骰子,9,右槽
狂乱之天灾降临,异常套,9,右槽
军神的古怪耳环,军神,3,耳环
宽容之海,灵宝,3,耳环
时指矛盾,时间战争,3,耳环
电磁能量,能量主宰,3,耳环
无尽地狱黑暗之印,大幽魂,3,耳环
次元流行坠,冷却混搭,9,耳环
命运挑战者,骰子,9,耳环
悲剧人生的归寂,异常套,9,耳环